[{"model": "auth.group", "pk": 1, "fields": {"name": "admin", "permissions": [1, 2, 3, 4, 9, 10, 11, 12, 5, 6, 7, 8, 13, 14, 15, 16, 17, 18, 19, 20, 37, 38, 39, 40, 29, 30, 31, 32, 25, 26, 27, 28, 33, 34, 35, 36, 21, 22, 23, 24]}}, {"model": "auth.group", "pk": 2, "fields": {"name": "DOCTOR", "permissions": []}}, {"model": "auth.group", "pk": 4, "fields": {"name": "PATIENT", "permissions": []}}, {"model": "auth.group", "pk": 5, "fields": {"name": "ADMIN", "permissions": [1, 2, 3, 4, 9, 10, 11, 12, 5, 6, 7, 8, 13, 14, 15, 16, 17, 18, 19, 20, 37, 38, 39, 40, 29, 30, 31, 32, 25, 26, 27, 28, 33, 34, 35, 36, 21, 22, 23, 24]}}, {"model": "auth.user", "pk": 1, "fields": {"password": "pbkdf2_sha256$180000$eNv7JWQonsEG$Rf/DQdFs9T5jiJuDFmki0WoLbVdVwQAMQhOkD+WVMck=", "last_login": "2026-01-30T06:54:37.725Z", "is_superuser": true, "username": "admin", "first_name": "", "last_name": "", "email": "", "is_staff": true, "is_active": true, "date_joined": "2026-01-20T05:50:35.760Z", "groups": [], "user_permissions": []}}, {"model": "auth.user", "pk": 2, "fields": {"password": "pbkdf2_sha256$180000$ydnZGoDBc9jB$dvHMbgauYUeaxFEUtBXL0X4GgqVhMAk3/bz8axWc2YM=", "last_login": "2026-01-20T06:45:37.072Z", "is_superuser": false, "username": "@rahul", "first_name": "rahul", "last_name": "kako", "email": "r@gmail.com", "is_staff": false, "is_active": true, "date_joined": "2026-01-20T11:31:00Z", "groups": [], "user_permissions": [37, 38, 39, 40, 29, 30, 31, 32, 25, 26, 27, 28, 21, 22, 23, 24]}}, {"model": "auth.user", "pk": 3, "fields": {"password": "pbkdf2_sha256$180000$lxj1YDaosTza$BzVBnb2ZCKmrU9IuJYDJT/J0vwc9jsSPDYSbh0NubjU=", "last_login": "2026-01-29T07:36:00.948Z", "is_superuser": false, "username": "ja@va", "first_name": "java", "last_name": "script", "email": "js@js.js", "is_staff": false, "is_active": true, "date_joined": "2026-01-20T11:44:00Z", "groups": [], "user_permissions": [37, 38, 39, 40, 29, 30, 31, 32, 25, 26, 27, 28, 21, 22, 23, 24]}}, {"model": "auth.user", "pk": 4, "fields": {"password": "pbkdf2_sha256$180000$0JfM50JQVJjN$ba85VHckO24OOuaYSaSKJLmvGHu3t2833HzQTP4sMvw=", "last_login": "2026-01-29T07:24:18.321Z", "is_superuser": false, "username": "@baghel", "first_name": "Dr. Baghel", "last_name": "Kadre", "email": "", "is_staff": false, "is_active": true, "date_joined": "2026-01-20T06:59:14.290Z", "groups": [2], "user_permissions": []}}, {"model": "auth.user", "pk": 5, "fields": {"password": "pbkdf2_sha256$180000$l7KCgpRXeR4u$coUrF1yc/o1oL5+jGZx5RhU9HcqlDOSV3+4nm6lAZ3I=", "last_login": "2026-01-22T11:19:40.578Z", "is_superuser": false, "username": "@rita", "first_name": "rita", "last_name": "dass", "email": "", "is_staff": false, "is_active": true, "date_joined": "2026-01-20T09:13:13.409Z", "groups": [4], "user_permissions": []}}, {"model": "auth.user", "pk": 6, "fields": {"password": "pbkdf2_sha256$180000$EBvLgCUcPx6Q$H6B/u9I+AnEYEuZW53xEZKQnd9eMHd+5ahDuXeiaXwM=", "last_login": null, "is_superuser": false, "username": "@akshay", "first_name": "akshay", "last_name": "kumar", "email": "", "is_staff": false, "is_active": true, "date_joined": "2026-01-21T06:10:36.650Z", "groups": [4], "user_permissions": []}}, {"model": "auth.user", "pk": 7, "fields": {"password": "pbkdf2_sha256$180000$rbaUNti84dHz$pH7t4ProMgOZWbFpoTjdhcAozM8SCVCyMerM3e9Rt34=", "last_login": "2026-01-29T06:01:34.315Z", "is_superuser": false, "username": "@vikas", "first_name": "Dr. vikas", "last_name": "gupta", "email": "", "is_staff": false, "is_active": true, "date_joined": "2026-01-21T07:05:05.263Z", "groups": [2], "user_permissions": []}}, {"model": "auth.user", "pk": 8, "fields": {"password": "pbkdf2_sha256$180000$4bW9Blxn5hgk$GB9NAwjnVFdoLG+zfBIPFjT4bLcv1rdpgoKXtICURDw=", "last_login": "2026-01-30T06:53:52.283Z", "is_superuser": false, "username": "@prakash", "first_name": "Dr. prakash", "last_name": "raj", "email": "", "is_staff": false, "is_active": true, "date_joined": "2026-01-21T07:13:29.534Z", "groups": [2], "user_permissions": []}}, {"model": "auth.user", "pk": 10, "fields": {"password": "pbkdf2_sha256$180000$75hMYz6dF0h7$rfSpp8QZWJZ0IBM/spaEDM6MMUI53utDVP7kAi5Abfo=", "last_login": "2026-01-28T10:10:11.028Z", "is_superuser": false, "username": "@chetan", "first_name": "Dr. chetan", "last_name": "raj", "email": "", "is_staff": false, "is_active": true, "date_joined": "2026-01-21T09:01:16.657Z", "groups": [2], "user_permissions": []}}, {"model": "auth.user", "pk": 11, "fields": {"password": "pbkdf2_sha256$180000$25Wob5Lerwdg$Uc2myOq+EOATc+kpV+zba9Gyw7nT44P3prNZf7iI0k4=", "last_login": "2026-01-28T06:37:09.643Z", "is_superuser": false, "username": "@amit", "first_name": "Dr. amit", "last_name": "patel", "email": "", "is_staff": false, "is_active": true, "date_joined": "2026-01-21T09:09:23.847Z", "groups": [2], "user_permissions": []}}, {"model": "auth.user", "pk": 12, "fields": {"password": "pbkdf2_sha256$180000$aTzlg1Xysj1X$5HwpsUUe6IDbhmYc/PiZX+rd4n1WS0wbSrtS5CWHTqQ=", "last_login": "2026-01-28T09:56:49.208Z", "is_superuser": false, "username": "@janu", "first_name": "Dr. janu", "last_name": "manu", "email": "", "is_staff": false, "is_active": true, "date_joined": "2026-01-21T09:18:44.005Z", "groups": [2], "user_permissions": []}}, {"model": "auth.user", "pk": 13, "fields": {"password": "pbkdf2_sha256$180000$DKskVwHX84BB$8z6Ca2ckeDazI/oASHFVmN7mO5xeZ7Ls9Po70w/CtHU=", "last_login": null, "is_superuser": false, "username": "@kesu", "first_name": "kesu", "last_name": "raj", "email": "", "is_staff": false, "is_active": true, "date_joined": "2026-01-21T10:25:04.811Z", "groups": [4], "user_permissions": []}}, {"model": "auth.user", "pk": 14, "fields": {"password": "pbkdf2_sha256$180000$thrgxEqzJplM$F8GoaaBN5nRNj5qo5EkobbH9fVYWpV8o8SAWHRx1yJM=", "last_login": null, "is_superuser": false, "username": "@kesha", "first_name": "kesha", "last_name": "das", "email": "", "is_staff": false, "is_active": true, "date_joined": "2026-01-21T11:53:40.720Z", "groups": [4], "user_permissions": []}}, {"model": "auth.user", "pk": 15, "fields": {"password": "pbkdf2_sha256$180000$9hTouNgxyDJU$YPuaqq3lY6OHgcY59lUvo+a8tBy22PwGmGr5mJAz9CI=", "last_login": "2026-01-28T06:49:09.115Z", "is_superuser": false, "username": "@sunil", "first_name": "Dr. sunil", "last_name": "rajendran", "email": "", "is_staff": false, "is_active": true, "date_joined": "2026-01-22T09:29:20.592Z", "groups": [2], "user_permissions": []}}, {"model": "auth.user", "pk": 16, "fields": {"password": "pbkdf2_sha256$180000$uTRcbNOPxAaB$PH4Q1bMLhFDd0Jw0LueYgk6Kk77MtfcNDL1DUSLNNXo=", "last_login": null, "is_superuser": false, "username": "@dass", "first_name": "herold", "last_name": "dass", "email": "", "is_staff": false, "is_active": true, "date_joined": "2026-01-22T10:29:20.381Z", "groups": [4], "user_permissions": []}}, {"model": "auth.user", "pk": 17, "fields": {"password": "pbkdf2_sha256$180000$BNio7sw8zYO6$X0+b6crjqsHEoOosPMwhyfQbHCJa1Bfacg0Dzieea+s=", "last_login": null, "is_superuser": false, "username": "@gill", "first_name": "shubhman", "last_name": "gill", "email": "", "is_staff": false, "is_active": true, "date_joined": "2026-01-22T10:33:14.706Z", "groups": [4], "user_permissions": []}}, {"model": "auth.user", "pk": 18, "fields": {"password": "pbkdf2_sha256$180000$fhgAx65sWInR$1+wInZf1vTbGbP1Z0Y+lAFV1YN5sgsPbvUbpVQg8Apo=", "last_login": null, "is_superuser": false, "username": "@ajay", "first_name": "ajay", "last_name": "devgun", "email": "", "is_staff": false, "is_active": true, "date_joined": "2026-01-22T11:13:30.805Z", "groups": [4], "user_permissions": []}}, {"model": "auth.user", "pk": 19, "fields": {"password": "pbkdf2_sha256$180000$lyH1Q4NHApWg$7avATDtOraYC0N/MnFQCZPPYZWSuU/F83c3G8Oay4uk=", "last_login": "2026-01-22T11:23:21.830Z", "is_superuser": false, "username": "@khan", "first_name": "salman", "last_name": "khan", "email": "", "is_staff": false, "is_active": true, "date_joined": "2026-01-22T11:23:07.965Z", "groups": [4], "user_permissions": []}}, {"model": "auth.user", "pk": 20, "fields": {"password": "pbkdf2_sha256$180000$Bb40o1pSJoD6$cbrXclvsEUAncjnrTRUuvXvPAfUCVuPC2mGvVJN59h0=", "last_login": null, "is_superuser": false, "username": "@varun", "first_name": "varun", "last_name": "dhaba", "email": "", "is_staff": false, "is_active": true, "date_joined": "2026-01-22T11:38:12.757Z", "groups": [4], "user_permissions": []}}, {"model": "auth.user", "pk": 21, "fields": {"password": "pbkdf2_sha256$180000$jrCtr0tQJ36z$jRqR7Wa5KrX9DIam611JZsOPd4fg2/c7NOva+03iEfg=", "last_login": "2026-01-23T10:28:06.211Z", "is_superuser": false, "username": "@ramesh", "first_name": "ramesh", "last_name": "sippy", "email": "", "is_staff": false, "is_active": true, "date_joined": "2026-01-23T10:09:55.298Z", "groups": [4], "user_permissions": []}}, {"model": "auth.user", "pk": 23, "fields": {"password": "pbkdf2_sha256$180000$3KbEcPFnsNRQ$Pdi0mWWtPUKBZOcJd1LM2mwKjGtIuLho0EBYCp6DefA=", "last_login": "2026-01-23T13:00:48.250Z", "is_superuser": false, "username": "@reeta", "first_name": "reeta", "last_name": "ghosh", "email": "", "is_staff": false, "is_active": true, "date_joined": "2026-01-23T12:35:34.060Z", "groups": [4], "user_permissions": []}}, {"model": "auth.user", "pk": 24, "fields": {"password": "pbkdf2_sha256$180000$bWyZdVNp9TTI$Ae8fGfypd3wrHDEUqHy+7gPz3W/58kv2ITG1JMYahDw=", "last_login": "2026-01-23T13:22:02.076Z", "is_superuser": false, "username": "@kunal", "first_name": "kunal", "last_name": "kamra", "email": "", "is_staff": false, "is_active": true, "date_joined": "2026-01-23T13:21:31.782Z", "groups": [4], "user_permissions": []}}, {"model": "auth.user", "pk": 25, "fields": {"password": "pbkdf2_sha256$180000$NDVaiFQfQ0xc$zONk3Cfb0pO98v1CodaL8qyw6vd49jYTOqdGcnYUS4o=", "last_login": "2026-01-27T13:10:42.670Z", "is_superuser": false, "username": "@veer", "first_name": "ranveer", "last_name": "kapoor", "email": "", "is_staff": false, "is_active": true, "date_joined": "2026-01-27T13:10:10.663Z", "groups": [4], "user_permissions": []}}, {"model": "auth.user", "pk": 26, "fields": {"password": "pbkdf2_sha256$180000$2XOLgwdgiPVO$EoHgLiF2CMB5ZCW2LvI5GoN6EgLvR7YBMIbCOgKsZG4=", "last_login": "2026-01-28T09:15:54.422Z", "is_superuser": false, "username": "@arjun", "first_name": "arjun", "last_name": "paal", "email": "", "is_staff": false, "is_active": true, "date_joined": "2026-01-28T09:15:22.994Z", "groups": [4], "user_permissions": []}}, {"model": "auth.user", "pk": 27, "fields": {"password": "", "last_login": null, "is_superuser": false, "username": "", "first_name": "", "last_name": "", "email": "", "is_staff": false, "is_active": true, "date_joined": "2026-01-28T09:43:26.458Z", "groups": [], "user_permissions": []}}, {"model": "auth.user", "pk": 28, "fields": {"password": "pbkdf2_sha256$180000$WNGYsvqbl1R9$WwZYAnbBU2onVfRd59KOt1p1GZDJNrP0PpmY1CWkxqw=", "last_login": null, "is_superuser": false, "username": "@rampaal", "first_name": "rampaal", "last_name": "yadav", "email": "", "is_staff": false, "is_active": true, "date_joined": "2026-01-28T09:50:13.748Z", "groups": [4], "user_permissions": []}}, {"model": "auth.user", "pk": 29, "fields": {"password": "pbkdf2_sha256$180000$mYsSrcysKqhW$6fXVKQojvbGq6CwGiBHbBUmaSBG2kYQ3b+FgyUKeBPw=", "last_login": "2026-01-28T09:55:07.303Z", "is_superuser": false, "username": "@pushpa", "first_name": "pushpa", "last_name": "raaj", "email": "", "is_staff": false, "is_active": true, "date_joined": "2026-01-28T09:51:49.173Z", "groups": [4], "user_permissions": []}}, {"model": "auth.user", "pk": 30, "fields": {"password": "pbkdf2_sha256$180000$qMKdHxR5MUXF$7lRM2vyle883I07gw+mdvtJz1BBrq+Bh2KvNVwdxgkE=", "last_login": "2026-01-28T10:08:38.165Z", "is_superuser": false, "username": "@chetna", "first_name": "chetna", "last_name": "bhatt", "email": "", "is_staff": false, "is_active": true, "date_joined": "2026-01-28T10:08:19.837Z", "groups": [4], "user_permissions": []}}, {"model": "auth.user", "pk": 31, "fields": {"password": "pbkdf2_sha256$180000$8RQd8PchvjjE$vEHvdKHm8nJCi7muAU98OO8ToOc4pzJYxLIr33tQQ00=", "last_login": "2026-01-28T10:32:10.476Z", "is_superuser": false, "username": "@ishan", "first_name": "ishan", "last_name": "kishan", "email": "", "is_staff": false, "is_active": true, "date_joined": "2026-01-28T10:31:53.308Z", "groups": [4], "user_permissions": []}}, {"model": "auth.user", "pk": 32, "fields": {"password": "pbkdf2_sha256$180000$ydtXiEmZMtFv$yajmLr4LCoDfjZJvB8BBbnOYKpHJMlfEVUJ+bWXgUcw=", "last_login": "2026-01-28T11:48:32.740Z", "is_superuser": false, "username": "@abhi", "first_name": "abhi", "last_name": "jeet", "email": "", "is_staff": false, "is_active": true, "date_joined": "2026-01-28T11:48:17.320Z", "groups": [4], "user_permissions": []}}, {"model": "auth.user", "pk": 33, "fields": {"password": "pbkdf2_sha256$180000$ZqvYtufJcA21$d+DeLhvcRFz/ChpBuD+6s/7QcxGm6EyF3x+oiCzAlQc=", "last_login": "2026-01-28T12:00:32.809Z", "is_superuser": false, "username": "@jeff", "first_name": "jeff", "last_name": "bezose", "email": "", "is_staff": false, "is_active": true, "date_joined": "2026-01-28T12:00:17.263Z", "groups": [4], "user_permissions": []}}, {"model": "auth.user", "pk": 34, "fields": {"password": "pbkdf2_sha256$180000$fJOaTBwdVZZG$s14tNT/OjW/p0Vk1htpOY3kNRkb9cZ3p8DDVJ/nFIYI=", "last_login": "2026-01-28T12:16:12.086Z", "is_superuser": false, "username": "@nasa", "first_name": "nasa", "last_name": "masa", "email": "", "is_staff": false, "is_active": true, "date_joined": "2026-01-28T12:15:58.115Z", "groups": [4], "user_permissions": []}}, {"model": "auth.user", "pk": 35, "fields": {"password": "pbkdf2_sha256$180000$CVxR4q0lx6aG$25MmcO8gmS7X9oEuh57YslIP0uV9JudB6zejLATew0U=", "last_login": "2026-01-29T06:32:37.384Z", "is_superuser": false, "username": "@zeel", "first_name": "zeel", "last_name": "sharma", "email": "", "is_staff": false, "is_active": true, "date_joined": "2026-01-29T06:32:19.723Z", "groups": [4], "user_permissions": []}}, {"model": "auth.user", "pk": 36, "fields": {"password": "pbkdf2_sha256$180000$qhVuVof4idUk$1CrCk1DBcTEgPEv3vBuc87Kqb1PrFGMqaeFNF+s7peQ=", "last_login": "2026-01-29T07:23:39.220Z", "is_superuser": false, "username": "@manu", "first_name": "manu", "last_name": "paal", "email": "", "is_staff": false, "is_active": true, "date_joined": "2026-01-29T07:23:25.368Z", "groups": [4], "user_permissions": []}}, {"model": "auth.user", "pk": 37, "fields": {"password": "pbkdf2_sha256$180000$n3lxSLcS9gwK$/vKsIX/djSIGaAVAGqIgGiExRO6V69gKNh+sIm8Io74=", "last_login": "2026-01-29T07:35:13.392Z", "is_superuser": false, "username": "@seenu", "first_name": "mangal", "last_name": "seenu", "email": "", "is_staff": false, "is_active": true, "date_joined": "2026-01-29T07:34:57.235Z", "groups": [4], "user_permissions": []}}, {"model": "auth.user", "pk": 38, "fields": {"password": "pbkdf2_sha256$180000$Szu9VI8LFBMJ$IAAIepAE0iDHmFHBScH6/Mb4i0SVDYK9pfQ0n5J1jFI=", "last_login": "2026-01-29T07:38:02.824Z", "is_superuser": false, "username": "@allu", "first_name": "allu", "last_name": "arjun", "email": "", "is_staff": false, "is_active": true, "date_joined": "2026-01-29T07:37:47.663Z", "groups": [4], "user_permissions": []}}, {"model": "auth.user", "pk": 39, "fields": {"password": "pbkdf2_sha256$180000$0ccRUPmjTC1L$5wM1z+WXg/sr0WKjafm1UKHKX42lJYatmy7WKVcNoJs=", "last_login": "2026-01-29T07:49:02.715Z", "is_superuser": false, "username": "@nani", "first_name": "nani", "last_name": "star", "email": "", "is_staff": false, "is_active": true, "date_joined": "2026-01-29T07:48:49.747Z", "groups": [4], "user_permissions": []}}, {"model": "sessions.session", "pk": "qtw8xdue9clcw71lboayf486980q02ha", "fields": {"session_data": "MGE4MGY5MTNkMjMxMGU1ZWJjMjVkY2Y2YTk5OTZkNjMxZTcyM2ExNDp7Il9hdXRoX3VzZXJfaWQiOiIxIiwiX2F1dGhfdXNlcl9iYWNrZW5kIjoiZGphbmdvLmNvbnRyaWIuYXV0aC5iYWNrZW5kcy5Nb2RlbEJhY2tlbmQiLCJfYXV0aF91c2VyX2hhc2giOiIwZDk2ZDkxZjI0MDE5NjI4MmE1MjFhYWQzNThjMzI3YjlkOGU4NmZkIn0=", "expire_date": "2026-02-13T06:54:37.736Z"}}, {"model": "hospital.doctor", "pk": 1, "fields": {"user": 2, "profile_pic": "", "address": "science city", "mobile": "9012345678", "department": "Cardiologist", "status": true}}, {"model": "hospital.doctor", "pk": 2, "fields": {"user": 3, "profile_pic": "", "address": "gota", "mobile": "9012340000", "department": "Dermatologists", "status": true}}, {"model": "hospital.doctor", "pk": 3, "fields": {"user": 4, "profile_pic": "profile_pic/DoctorProfilePic/image8.jpg", "address": "sindhu bhavan", "mobile": "9000006578", "department": "Anesthesiologists", "status": true}}, {"model": "hospital.doctor", "pk": 4, "fields": {"user": 7, "profile_pic": "", "address": "thaltej", "mobile": "9011110000", "department": "Emergency Medicine Specialists", "status": true}}, {"model": "hospital.doctor", "pk": 5, "fields": {"user": 8, "profile_pic": "", "address": "ognaj", "mobile": "9112340000", "department": "Dermatologists", "status": true}}, {"model": "hospital.doctor", "pk": 7, "fields": {"user": 10, "profile_pic": "", "address": "sarangpur", "mobile": "9000005656", "department": "Dermatologists", "status": true}}, {"model": "hospital.doctor", "pk": 8, "fields": {"user": 11, "profile_pic": "", "address": "sarkhej", "mobile": "9022225678", "department": "Anesthesiologists", "status": true}}, {"model": "hospital.doctor", "pk": 9, "fields": {"user": 12, "profile_pic": "", "address": "gota gaam", "mobile": "9012342323", "department": "Colon and Rectal Surgeons", "status": true}}, {"model": "hospital.doctor", "pk": 10, "fields": {"user": 15, "profile_pic": "profile_pic/DoctorProfilePic/doctor.jpg", "address": "navarngpura", "mobile": "9012345588", "department": "MBBS", "status": true}}, {"model": "hospital.patient", "pk": 1, "fields": {"user": 2, "profile_pic": "", "address": "thaltej", "mobile": "9000005678", "symptoms": "cold and fever", "assignedDoctorId": 1, "admitDate": "2026-01-20", "status": true}}, {"model": "hospital.patient", "pk": 2, "fields": {"user": 5, "profile_pic": "profile_pic/PatientProfilePic/image5.jpg", "address": "shindhu bhavan", "mobile": "9000011211", "symptoms": "normal fever", "assignedDoctorId": 3, "admitDate": "2026-01-20", "status": true}}, {"model": "hospital.patient", "pk": 3, "fields": {"user": 6, "profile_pic": "", "address": "Near Durdarshan metro station", "mobile": "9012345677", "symptoms": "cough", "assignedDoctorId": 2, "admitDate": "2026-01-21", "status": true}}, {"model": "hospital.patient", "pk": 4, "fields": {"user": 13, "profile_pic": "profile_pic/Patient/image5.jpg", "address": "kalupur", "mobile": "9111111211", "symptoms": "anesthesia", "assignedDoctorId": 11, "admitDate": "2026-01-21", "status": true}}, {"model": "hospital.patient", "pk": 5, "fields": {"user": 14, "profile_pic": "profile_pic/Patient/image1.jpg", "address": "silaj", "mobile": "9000005578", "symptoms": "backpain", "assignedDoctorId": 2, "admitDate": "2026-01-21", "status": true}}, {"model": "hospital.patient", "pk": 6, "fields": {"user": 16, "profile_pic": "", "address": "lal darwaja", "mobile": "9000006577", "symptoms": "pain in joints", "assignedDoctorId": 15, "admitDate": "2026-01-22", "status": true}}, {"model": "hospital.patient", "pk": 7, "fields": {"user": 17, "profile_pic": "", "address": "panjab", "mobile": "9000006550", "symptoms": "repecage pain", "assignedDoctorId": 15, "admitDate": "2026-01-22", "status": true}}, {"model": "hospital.patient", "pk": 8, "fields": {"user": 18, "profile_pic": "", "address": "kalupur", "mobile": "9000000000", "symptoms": "strong pain in stomuch", "assignedDoctorId": 15, "admitDate": "2026-01-22", "status": true}}, {"model": "hospital.patient", "pk": 9, "fields": {"user": 19, "profile_pic": "", "address": "sindhu bhavan", "mobile": "9000006565", "symptoms": "backpain", "assignedDoctorId": 15, "admitDate": "2026-01-22", "status": true}}, {"model": "hospital.patient", "pk": 10, "fields": {"user": 20, "profile_pic": "", "address": "science city", "mobile": "9111111111", "symptoms": "pain in stomuch", "assignedDoctorId": 15, "admitDate": "2026-01-22", "status": true}}, {"model": "hospital.patient", "pk": 11, "fields": {"user": 21, "profile_pic": "", "address": "lapkaman gam", "mobile": "9000007777", "symptoms": "small colorectal injury", "assignedDoctorId": 12, "admitDate": "2026-01-23", "status": true}}, {"model": "hospital.patient", "pk": 13, "fields": {"user": 23, "profile_pic": "", "address": "science city", "mobile": "9012341111", "symptoms": "wamit", "assignedDoctorId": 15, "admitDate": "2026-01-23", "status": true}}, {"model": "hospital.patient", "pk": 14, "fields": {"user": 24, "profile_pic": "", "address": "silaj", "mobile": "9312345577", "symptoms": "colon rectal pain", "assignedDoctorId": 12, "admitDate": "2026-01-23", "status": true}}, {"model": "hospital.patient", "pk": 15, "fields": {"user": 25, "profile_pic": "", "address": "kalupur", "mobile": "9012345571", "symptoms": "meleria", "assignedDoctorId": 15, "admitDate": "2026-01-27", "status": true}}, {"model": "hospital.patient", "pk": 16, "fields": {"user": 26, "profile_pic": "", "address": "hastinapur", "mobile": "9012345556", "symptoms": "injury in colon", "assignedDoctorId": 12, "admitDate": "2026-01-28", "status": true}}, {"model": "hospital.patient", "pk": 17, "fields": {"user": 28, "profile_pic": "", "address": "sindhu bhavan", "mobile": "9012345572", "symptoms": "colon injury", "assignedDoctorId": 12, "admitDate": "2026-01-28", "status": true}}, {"model": "hospital.patient", "pk": 18, "fields": {"user": 29, "profile_pic": "", "address": "thaltej", "mobile": "9000011223", "symptoms": "colon injury", "assignedDoctorId": 12, "admitDate": "2026-01-28", "status": true}}, {"model": "hospital.patient", "pk": 19, "fields": {"user": 30, "profile_pic": "", "address": "silaj", "mobile": "9000005677", "symptoms": "skin infection", "assignedDoctorId": 10, "admitDate": "2026-01-28", "status": true}}, {"model": "hospital.patient", "pk": 20, "fields": {"user": 31, "profile_pic": "", "address": "gota", "mobile": "9012345673", "symptoms": "skin iching", "assignedDoctorId": 8, "admitDate": "2026-01-28", "status": true}}, {"model": "hospital.patient", "pk": 21, "fields": {"user": 32, "profile_pic": "", "address": "thaltej", "mobile": "9000011210", "symptoms": "skin infection", "assignedDoctorId": 8, "admitDate": "2026-01-28", "status": true}}, {"model": "hospital.patient", "pk": 22, "fields": {"user": 33, "profile_pic": "", "address": "amreli", "mobile": "9000011200", "symptoms": "unconsious", "assignedDoctorId": 7, "admitDate": "2026-01-28", "status": true}}, {"model": "hospital.patient", "pk": 23, "fields": {"user": 34, "profile_pic": "", "address": "rajkot", "mobile": "9000011225", "symptoms": "unconsioueness", "assignedDoctorId": 7, "admitDate": "2026-01-28", "status": true}}, {"model": "hospital.patient", "pk": 24, "fields": {"user": 35, "profile_pic": "", "address": "gandhinagar", "mobile": "9000011215", "symptoms": "anesthesia", "assignedDoctorId": 4, "admitDate": "2026-01-29", "status": true}}, {"model": "hospital.patient", "pk": 25, "fields": {"user": 36, "profile_pic": "", "address": "gota", "mobile": "9000011216", "symptoms": "high sugar", "assignedDoctorId": 4, "admitDate": "2026-01-29", "status": true}}, {"model": "hospital.patient", "pk": 26, "fields": {"user": 37, "profile_pic": "", "address": "thaltej", "mobile": "9000005670", "symptoms": "skin infection", "assignedDoctorId": 3, "admitDate": "2026-01-29", "status": false}}, {"model": "hospital.patient", "pk": 27, "fields": {"user": 38, "profile_pic": "", "address": "science city", "mobile": "9012345676", "symptoms": "skin iching", "assignedDoctorId": 8, "admitDate": "2026-01-29", "status": true}}, {"model": "hospital.patient", "pk": 28, "fields": {"user": 39, "profile_pic": "", "address": "thaltej", "mobile": "9012345575", "symptoms": "skin infection", "assignedDoctorId": 8, "admitDate": "2026-01-29", "status": true}}, {"model": "hospital.appointment", "pk": 11, "fields": {"patientId": 20, "doctorId": 15, "patientName": "varun", "doctorName": "Dr. sunil", "appointmentDate": null, "description": "pain.", "status": true}}, {"model": "hospital.appointment", "pk": 12, "fields": {"patientId": 21, "doctorId": 12, "patientName": "ramesh", "doctorName": "Dr. janu", "appointmentDate": null, "description": "small colon injury.", "status": true}}, {"model": "hospital.appointment", "pk": 14, "fields": {"patientId": 30, "doctorId": 10, "patientName": "chetna", "doctorName": "Dr. sunil rajendran", "appointmentDate": null, "description": "skin infection", "status": true}}, {"model": "hospital.appointment", "pk": 15, "fields": {"patientId": 31, "doctorId": 8, "patientName": "ishan", "doctorName": "Dr. amit patel", "appointmentDate": null, "description": "skin iching", "status": true}}, {"model": "hospital.appointment", "pk": 16, "fields": {"patientId": 32, "doctorId": 8, "patientName": "abhi", "doctorName": "Dr. amit patel", "appointmentDate": null, "description": "skin infection", "status": true}}, {"model": "hospital.appointment", "pk": 17, "fields": {"patientId": 33, "doctorId": 7, "patientName": "jeff", "doctorName": "Dr. chetan raj", "appointmentDate": null, "description": "unconsious", "status": true}}, {"model": "hospital.appointment", "pk": 18, "fields": {"patientId": 34, "doctorId": 7, "patientName": "nasa", "doctorName": "Dr. chetan raj", "appointmentDate": null, "description": "unconsioueness", "status": true}}, {"model": "hospital.appointment", "pk": 19, "fields": {"patientId": 35, "doctorId": 4, "patientName": "zeel", "doctorName": "Dr. vikas gupta", "appointmentDate": "2026-01-29T12:44:00Z", "description": "anesthesia", "status": true}}, {"model": "hospital.appointment", "pk": 20, "fields": {"patientId": 36, "doctorId": 4, "patientName": "manu", "doctorName": "Dr. vikas gupta", "appointmentDate": "2026-01-29T02:50:00Z", "description": "high sugar", "status": true}}, {"model": "hospital.appointment", "pk": 21, "fields": {"patientId": 37, "doctorId": 3, "patientName": "mangal", "doctorName": "Dr. Baghel Kadre", "appointmentDate": "2026-01-29T03:00:00Z", "description": "skin infection", "status": false}}, {"model": "hospital.appointment", "pk": 22, "fields": {"patientId": 38, "doctorId": 8, "patientName": "allu", "doctorName": "Dr. amit patel", "appointmentDate": "2026-01-29T03:00:00Z", "description": "skin iching", "status": true}}, {"model": "hospital.appointment", "pk": 23, "fields": {"patientId": 39, "doctorId": 8, "patientName": "nani", "doctorName": "Dr. amit patel", "appointmentDate": "2026-01-29T18:00:00Z", "description": "skin infection", "status": true}}, {"model": "hospital.prescription", "pk": 12, "fields": {"patientId": 9, "patientName": "salman khan", "doctorId": 10, "doctorName": "Dr. sunil rajendran", "consultationDate": "2026-01-23", "prescribeDate": "2026-01-23", "symptoms": "backpain", "medicine": "backaid max", "extra_notes": "take bad rest for two days."}}, {"model": "hospital.prescription", "pk": 13, "fields": {"patientId": 8, "patientName": "ajay devgun", "doctorId": 10, "doctorName": "Dr. sunil rajendran", "consultationDate": "2026-01-23", "prescribeDate": "2026-01-23", "symptoms": "pain in stomuch", "medicine": "buscogast plus", "extra_notes": "take rest"}}, {"model": "hospital.prescription", "pk": 14, "fields": {"patientId": 8, "patientName": "ajay devgun", "doctorId": 10, "doctorName": "Dr. sunil rajendran", "consultationDate": "2026-01-23", "prescribeDate": "2026-01-23", "symptoms": "pain in stomuch", "medicine": "buscogast plus", "extra_notes": "take rest"}}, {"model": "hospital.prescription", "pk": 15, "fields": {"patientId": 11, "patientName": "ramesh sippy", "doctorId": 9, "doctorName": "Dr. janu manu", "consultationDate": "2026-01-27", "prescribeDate": "2026-01-27", "symptoms": "small injury", "medicine": "pain killer -500mg Twice for Two days.", "extra_notes": "take bad rest for 2 days."}}, {"model": "hospital.prescription", "pk": 16, "fields": {"patientId": 15, "patientName": "ranveer kapoor", "doctorId": 10, "doctorName": "Dr. sunil rajendran", "consultationDate": "2026-01-27", "prescribeDate": "2026-01-27", "symptoms": "meleria", "medicine": "Antimalarial medication 500mg", "extra_notes": "take rest"}}, {"model": "hospital.prescription", "pk": 17, "fields": {"patientId": 16, "patientName": "arjun paal", "doctorId": 9, "doctorName": "Dr. janu manu", "consultationDate": "2026-01-28", "prescribeDate": "2026-01-28", "symptoms": "small injury in colon", "medicine": "pain killer -500mg Twice for Two days.", "extra_notes": "Advised bad rest for two days."}}, {"model": "hospital.prescription", "pk": 18, "fields": {"patientId": 27, "patientName": "allu arjun", "doctorId": 5, "doctorName": "Dr. prakash raj", "consultationDate": "2026-01-29", "prescribeDate": "2026-01-29", "symptoms": "skin infection", "medicine": ". Mupirocin ointment | Qty: 10 | 1-0-1\n. Fusidic acid cream | Qty: 1 | 1-1-1", "extra_notes": "eat less spicy food."}}, {"model": "hospital.prescription", "pk": 19, "fields": {"patientId": 28, "patientName": "nani star", "doctorId": 5, "doctorName": "Dr. prakash raj", "consultationDate": "2026-01-29", "prescribeDate": "2026-01-29", "symptoms": "skin iching", "medicine": "1. Mupirocin ointment | Qty: 10 | 1-0-1\n2. Fusidic acid cream | Qty: 1 | 1-1-1", "extra_notes": "not eat spicy food."}}, {"model": "hospital.prescription", "pk": 20, "fields": {"patientId": 20, "patientName": "ishan kishan", "doctorId": 5, "doctorName": "Dr. prakash raj", "consultationDate": "2026-01-29", "prescribeDate": "2026-01-29", "symptoms": "skin infection", "medicine": "1. Mupirocin ointment | Qty: 10 | 1-0-1\n2. ichguard | Qty: 1 | 1-1-1", "extra_notes": "not eat spicy food."}}, {"model": "hospital.patientdischargedetails", "pk": 1, "fields": {"patientId": 4, "patientName": "kesu raj", "assignedDoctorName": "Dr. amit", "address": "kalupur", "mobile": "9111111211", "symptoms": "anesthesia", "admitDate": "2026-01-21", "releaseDate": "2026-01-22", "daySpent": 1, "roomCharge": 0, "medicineCost": 100, "doctorFee": 100, "OtherCharge": 0, "total": 200}}, {"model": "admin.logentry", "pk": 1, "fields": {"action_time": "2026-01-20T05:57:38.228Z", "user": 1, "content_type": 4, "object_id": "2", "object_repr": "@rahul", "action_flag": 1, "change_message": "[{\"added\": {}}]"}}, {"model": "admin.logentry", "pk": 2, "fields": {"action_time": "2026-01-20T06:03:16.072Z", "user": 1, "content_type": 4, "object_id": "2", "object_repr": "@rahul", "action_flag": 2, "change_message": "[{\"changed\": {\"fields\": [\"First name\", \"Last name\", \"Email address\", \"User permissions\", \"Date joined\"]}}]"}}, {"model": "admin.logentry", "pk": 3, "fields": {"action_time": "2026-01-20T06:04:36.616Z", "user": 1, "content_type": 8, "object_id": "1", "object_repr": "rahul (Cardiologist)", "action_flag": 1, "change_message": "[{\"added\": {}}]"}}, {"model": "admin.logentry", "pk": 4, "fields": {"action_time": "2026-01-20T06:05:41.847Z", "user": 1, "content_type": 7, "object_id": "1", "object_repr": "rahul (cold and fever)", "action_flag": 1, "change_message": "[{\"added\": {}}]"}}, {"model": "admin.logentry", "pk": 5, "fields": {"action_time": "2026-01-20T06:06:08.871Z", "user": 1, "content_type": 7, "object_id": "1", "object_repr": "rahul (cold and fever)", "action_flag": 2, "change_message": "[]"}}, {"model": "admin.logentry", "pk": 6, "fields": {"action_time": "2026-01-20T06:10:30.847Z", "user": 1, "content_type": 3, "object_id": "1", "object_repr": "admin", "action_flag": 1, "change_message": "[{\"added\": {}}]"}}, {"model": "admin.logentry", "pk": 7, "fields": {"action_time": "2026-01-20T06:12:56.884Z", "user": 1, "content_type": 4, "object_id": "3", "object_repr": "ja@va", "action_flag": 1, "change_message": "[{\"added\": {}}]"}}, {"model": "admin.logentry", "pk": 8, "fields": {"action_time": "2026-01-20T06:14:42.556Z", "user": 1, "content_type": 4, "object_id": "3", "object_repr": "ja@va", "action_flag": 2, "change_message": "[{\"changed\": {\"fields\": [\"First name\", \"Last name\", \"Email address\", \"User permissions\", \"Date joined\"]}}]"}}, {"model": "admin.logentry", "pk": 9, "fields": {"action_time": "2026-01-20T06:15:38.044Z", "user": 1, "content_type": 4, "object_id": "2", "object_repr": "@rahul", "action_flag": 2, "change_message": "[]"}}, {"model": "admin.logentry", "pk": 10, "fields": {"action_time": "2026-01-20T06:16:26.618Z", "user": 1, "content_type": 8, "object_id": "2", "object_repr": "java (Dermatologists)", "action_flag": 1, "change_message": "[{\"added\": {}}]"}}, {"model": "admin.logentry", "pk": 11, "fields": {"action_time": "2026-01-20T06:16:47.789Z", "user": 1, "content_type": 8, "object_id": "2", "object_repr": "java (Dermatologists)", "action_flag": 2, "change_message": "[]"}}, {"model": "admin.logentry", "pk": 12, "fields": {"action_time": "2026-01-20T06:18:30.463Z", "user": 1, "content_type": 10, "object_id": "1", "object_repr": "Appointment object (1)", "action_flag": 1, "change_message": "[{\"added\": {}}]"}}, {"model": "admin.logentry", "pk": 13, "fields": {"action_time": "2026-01-20T06:18:58.000Z", "user": 1, "content_type": 10, "object_id": "1", "object_repr": "Appointment object (1)", "action_flag": 2, "change_message": "[]"}}, {"model": "admin.logentry", "pk": 14, "fields": {"action_time": "2026-01-20T07:39:34.507Z", "user": 1, "content_type": 3, "object_id": "3", "object_repr": "patient", "action_flag": 1, "change_message": "[{\"added\": {}}]"}}, {"model": "admin.logentry", "pk": 15, "fields": {"action_time": "2026-01-20T10:08:28.582Z", "user": 1, "content_type": 3, "object_id": "5", "object_repr": "ADMIN", "action_flag": 1, "change_message": "[{\"added\": {}}]"}}, {"model": "admin.logentry", "pk": 16, "fields": {"action_time": "2026-01-23T12:14:19.040Z", "user": 1, "content_type": 3, "object_id": "3", "object_repr": "patient", "action_flag": 3, "change_message": ""}}]
